id,first_name,last_name,email,gender
1,Xavier,Hanburry,xhanburry0@networksolutions.com,Male
2,Michel,Madge,mmadge1@printfriendly.com,Genderqueer
3,Keary,Bicksteth,kbicksteth2@amazon.co.uk,Female
4,Dennis,Nigh,dnigh3@state.gov,Female
5,Kerwinn,Gowland,kgowland4@state.gov,Male
6,April,Di Matteo,adimatteo5@dagondesign.com,Male
7,Micheal,Lartice,mlartice6@netscape.com,Female
8,Rudolfo,Kiefer,rkiefer7@zdnet.com,Female
9,Evonne,Bidmead,ebidmead8@dailymotion.com,Male
10,Thaddus,Stronghill,tstronghill9@pen.io,Male
11,Madge,Jillis,mjillisa@liveinternet.ru,Male
12,Francesca,Blakebrough,fblakebroughb@parallels.com,Male
13,Lucine,Deinhard,ldeinhardc@nsw.gov.au,Female
14,Milzie,Simko,msimkod@github.com,Male
15,Nina,Chatters,nchatterse@amazon.co.jp,Female
16,Gifford,Waggett,gwaggettf@comcast.net,Female
17,Uriah,Gorick,ugorickg@unc.edu,Female
18,Clarissa,Nobriga,cnobrigah@shutterfly.com,Male
19,Deanna,Allewell,dallewelli@salon.com,Female
20,Evelina,Onthank,eonthankj@craigslist.org,Female
21,Thoma,Griffitts,tgriffittsk@prweb.com,Genderqueer
22,Bev,Tolchard,btolchardl@ovh.net,Female
23,Ray,Grundell,rgrundellm@cnet.com,Male
24,Rebekah,Ovendon,rovendonn@youtu.be,Female
25,Caro,Tween,ctweeno@imgur.com,Female
26,Silvano,Damrell,sdamrellp@facebook.com,Male
27,Analiese,Brundrett,abrundrettq@oaic.gov.au,Female
28,Sandor,Macoun,smacounr@networksolutions.com,Female
29,Marie,Priddy,mpriddys@sphinn.com,Male
30,Bell,Malter,bmaltert@123-reg.co.uk,Male
31,Johnathan,Mokes,jmokesu@privacy.gov.au,Female
32,Daron,Deehan,ddeehanv@arizona.edu,Female
33,Starlene,Mangon,smangonw@posterous.com,Female
34,Florinda,Tooby,ftoobyx@whitehouse.gov,Female
35,Tarrah,Passie,tpassiey@usnews.com,Female
36,Kienan,Kluge,kklugez@etsy.com,Male
37,Ruperto,Hartridge,rhartridge10@github.com,Male
38,Fredra,Aloigi,faloigi11@dell.com,Female
39,Lilia,Brikner,lbrikner12@google.fr,Female
40,Stephanus,Baudasso,sbaudasso13@ehow.com,Male
41,Louisa,Sergeaunt,lsergeaunt14@hubpages.com,Male
42,Hubie,Pavolillo,hpavolillo15@istockphoto.com,Male
43,Sean,Hassard,shassard16@fastcompany.com,Male
44,Linet,Caddock,lcaddock17@scientificamerican.com,Male
45,Adoree,Barlace,abarlace18@google.ca,Male
46,Yulma,Mattioli,ymattioli19@bbb.org,Male
47,Brand,Bocke,bbocke1a@hc360.com,Male
48,Gayle,Ebi,gebi1b@shareasale.com,Male
49,Ashly,Iddon,aiddon1c@ucoz.ru,Female
50,Obed,Fahrenbacher,ofahrenbacher1d@businessweek.com,Male
51,Irv,Niaves,iniaves1e@java.com,Male
52,Dallis,Philott,dphilott1f@narod.ru,Male
53,Evangelin,Studde,estudde1g@about.com,Polygender
54,Fidole,Booeln,fbooeln1h@booking.com,Female
55,Jazmin,Atwill,jatwill1i@ihg.com,Male
56,Delphine,Plover,dplover1j@amazonaws.com,Genderqueer
57,Alphonso,Alwell,aalwell1k@cbsnews.com,Female
58,Madlin,Grisedale,mgrisedale1l@hc360.com,Female
59,Arabele,Worner,aworner1m@privacy.gov.au,Female
60,Boyd,Jaquiss,bjaquiss1n@tripod.com,Female
61,Tanny,Jacquest,tjacquest1o@jigsy.com,Female
62,Leodora,Grayston,lgrayston1p@loc.gov,Polygender
63,Sonya,Nettle,snettle1q@howstuffworks.com,Agender
64,Bridie,Roseaman,broseaman1r@usgs.gov,Female
65,Maximilien,Baynes,mbaynes1s@toplist.cz,Female
66,Baldwin,Babon,bbabon1t@woothemes.com,Female
67,Dione,Lucius,dlucius1u@nbcnews.com,Female
68,Juan,Issacov,jissacov1v@google.pl,Male
69,Skippy,Rougier,srougier1w@boston.com,Female
70,Kathleen,Cuff,kcuff1x@merriam-webster.com,Polygender
71,Kara-lynn,Aisbett,kaisbett1y@dmoz.org,Male
72,Lucienne,Domone,ldomone1z@stanford.edu,Male
73,Lawrence,O'Dea,lodea20@linkedin.com,Genderfluid
74,Vinny,Malcolm,vmalcolm21@smugmug.com,Agender
75,Selle,Gallie,sgallie22@skyrock.com,Female
76,Lionello,Spinetti,lspinetti23@ox.ac.uk,Male
77,Bogey,Iskov,biskov24@umich.edu,Female
78,Dalenna,Mebes,dmebes25@ezinearticles.com,Female
79,Rahal,Heintsch,rheintsch26@sphinn.com,Female
80,Abbott,Broek,abroek27@theatlantic.com,Female
81,Aile,Turbefield,aturbefield28@hhs.gov,Male
82,Paula,Garnsey,pgarnsey29@addthis.com,Female
83,Alick,Rugge,arugge2a@spiegel.de,Male
84,June,Gierok,jgierok2b@mapy.cz,Female
85,Vanya,Lelliott,vlelliott2c@i2i.jp,Female
86,Hedda,Crosoer,hcrosoer2d@mit.edu,Male
87,Leigha,Slipper,lslipper2e@prlog.org,Male
88,Ashlan,Brasier,abrasier2f@amazon.com,Female
89,Lindon,MacKenney,lmackenney2g@icq.com,Male
90,Conny,Timewell,ctimewell2h@google.es,Female
91,Katalin,Bantock,kbantock2i@printfriendly.com,Female
92,Gibbie,Leipnik,gleipnik2j@reuters.com,Polygender
93,Normy,Lauritzen,nlauritzen2k@tinyurl.com,Agender
94,Timmi,Minette,tminette2l@goo.gl,Female
95,Daven,Domokos,ddomokos2m@studiopress.com,Female
96,Hedwiga,McLachlan,hmclachlan2n@comsenz.com,Male
97,Abbie,Rawll,arawll2o@usatoday.com,Female
98,Addie,Pinnijar,apinnijar2p@purevolume.com,Female
99,Araldo,Hebditch,ahebditch2q@chron.com,Male
100,Bridie,Bonn,bbonn2r@amazon.co.uk,Female
